ref	formula	pycel	hyperformula	ironcalc	formulas
ACOS/acos-at-0	=ACOS(0)	{"kind":"value","grid":[[{"primitive":{"kind":"number","value":1.5707963267948966},"engine":{"platform":"pycel"}}]],"extent":{"rows":1,"cols":1}}	{"kind":"value","grid":[[{"primitive":{"kind":"number","value":1.5707963268},"engine":{"platform":"hyperformula"}}]],"extent":{"rows":1,"cols":1}}	{"kind":"value","grid":[[{"primitive":{"kind":"number","value":1.570796327},"engine":{"platform":"ironcalc"}}]],"extent":{"rows":1,"cols":1}}	{"kind":"value","grid":[[{"primitive":{"kind":"number","value":1.5707963267948966},"engine":{"platform":"formulas"}}]],"extent":{"rows":1,"cols":1}}
ACOS/acos-at-1	=ACOS(1)	{"kind":"value","grid":[[{"primitive":{"kind":"number","value":0},"engine":{"platform":"pycel"}}]],"extent":{"rows":1,"cols":1}}	{"kind":"value","grid":[[{"primitive":{"kind":"number","value":0},"engine":{"platform":"hyperformula"}}]],"extent":{"rows":1,"cols":1}}	{"kind":"value","grid":[[{"primitive":{"kind":"number","value":0},"engine":{"platform":"ironcalc"}}]],"extent":{"rows":1,"cols":1}}	{"kind":"value","grid":[[{"primitive":{"kind":"number","value":0},"engine":{"platform":"formulas"}}]],"extent":{"rows":1,"cols":1}}
ACOS/acos-negative	=ACOS(-1)	{"kind":"value","grid":[[{"primitive":{"kind":"error","sentinel":"#NAME?"},"engine":{"platform":"pycel"}}]],"extent":{"rows":1,"cols":1}}	{"kind":"value","grid":[[{"primitive":{"kind":"number","value":3.1415926536},"engine":{"platform":"hyperformula"}}]],"extent":{"rows":1,"cols":1}}	{"kind":"value","grid":[[{"primitive":{"kind":"number","value":3.141592654},"engine":{"platform":"ironcalc"}}]],"extent":{"rows":1,"cols":1}}	{"kind":"value","grid":[[{"primitive":{"kind":"number","value":3.141592653589793},"engine":{"platform":"formulas"}}]],"extent":{"rows":1,"cols":1}}
ACOS/acos-out-of-domain	=ACOS(2)	{"kind":"value","grid":[[{"primitive":{"kind":"error","sentinel":"#NAME?"},"engine":{"platform":"pycel"}}]],"extent":{"rows":1,"cols":1}}	{"kind":"value","grid":[[{"primitive":{"kind":"error","sentinel":"#NUM!"},"engine":{"platform":"hyperformula"}}]],"extent":{"rows":1,"cols":1}}	{"kind":"value","grid":[[{"primitive":{"kind":"error","sentinel":"#NUM!"},"engine":{"platform":"ironcalc"}}]],"extent":{"rows":1,"cols":1}}	{"kind":"value","grid":[[{"primitive":{"kind":"error","sentinel":"#NUM!"},"engine":{"platform":"formulas"}}]],"extent":{"rows":1,"cols":1}}
ACOSH/acosh-at-1	=ACOSH(1)	{"kind":"value","grid":[[{"primitive":{"kind":"number","value":0},"engine":{"platform":"pycel"}}]],"extent":{"rows":1,"cols":1}}	{"kind":"value","grid":[[{"primitive":{"kind":"number","value":0},"engine":{"platform":"hyperformula"}}]],"extent":{"rows":1,"cols":1}}	{"kind":"value","grid":[[{"primitive":{"kind":"number","value":0},"engine":{"platform":"ironcalc"}}]],"extent":{"rows":1,"cols":1}}	{"kind":"value","grid":[[{"primitive":{"kind":"number","value":0},"engine":{"platform":"formulas"}}]],"extent":{"rows":1,"cols":1}}
ACOSH/acosh-greater-than-1	=ACOSH(2)	{"kind":"value","grid":[[{"primitive":{"kind":"number","value":1.3169578969248166},"engine":{"platform":"pycel"}}]],"extent":{"rows":1,"cols":1}}	{"kind":"value","grid":[[{"primitive":{"kind":"number","value":1.3169578969},"engine":{"platform":"hyperformula"}}]],"extent":{"rows":1,"cols":1}}	{"kind":"value","grid":[[{"primitive":{"kind":"number","value":1.316957897},"engine":{"platform":"ironcalc"}}]],"extent":{"rows":1,"cols":1}}	{"kind":"value","grid":[[{"primitive":{"kind":"number","value":1.3169578969248166},"engine":{"platform":"formulas"}}]],"extent":{"rows":1,"cols":1}}
ACOT/acot-at-0	=ACOT(0)	{"kind":"value","grid":[[{"primitive":{"kind":"error","sentinel":"#NAME?"},"engine":{"platform":"pycel"}}]],"extent":{"rows":1,"cols":1}}	{"kind":"value","grid":[[{"primitive":{"kind":"number","value":1.5707963268},"engine":{"platform":"hyperformula"}}]],"extent":{"rows":1,"cols":1}}	{"kind":"value","grid":[[{"primitive":{"kind":"number","value":1.570796327},"engine":{"platform":"ironcalc"}}]],"extent":{"rows":1,"cols":1}}	{"kind":"value","grid":[[{"primitive":{"kind":"number","value":1.5707963267948966},"engine":{"platform":"formulas"}}]],"extent":{"rows":1,"cols":1}}
ACOT/acot-at-1	=ACOT(1)	{"kind":"value","grid":[[{"primitive":{"kind":"error","sentinel":"#NAME?"},"engine":{"platform":"pycel"}}]],"extent":{"rows":1,"cols":1}}	{"kind":"value","grid":[[{"primitive":{"kind":"number","value":0.7853981634},"engine":{"platform":"hyperformula"}}]],"extent":{"rows":1,"cols":1}}	{"kind":"value","grid":[[{"primitive":{"kind":"number","value":0.785398163},"engine":{"platform":"ironcalc"}}]],"extent":{"rows":1,"cols":1}}	{"kind":"value","grid":[[{"primitive":{"kind":"number","value":0.7853981633974483},"engine":{"platform":"formulas"}}]],"extent":{"rows":1,"cols":1}}
ACOT/acot-negative	=ACOT(-1)	{"kind":"value","grid":[[{"primitive":{"kind":"error","sentinel":"#NAME?"},"engine":{"platform":"pycel"}}]],"extent":{"rows":1,"cols":1}}	{"kind":"value","grid":[[{"primitive":{"kind":"number","value":-0.7853981634},"engine":{"platform":"hyperformula"}}]],"extent":{"rows":1,"cols":1}}	{"kind":"value","grid":[[{"primitive":{"kind":"number","value":2.35619449},"engine":{"platform":"ironcalc"}}]],"extent":{"rows":1,"cols":1}}	{"kind":"value","grid":[[{"primitive":{"kind":"number","value":2.356194490192345},"engine":{"platform":"formulas"}}]],"extent":{"rows":1,"cols":1}}
ACOTH/acoth-greater-than-1	=ACOTH(2)	{"kind":"value","grid":[[{"primitive":{"kind":"error","sentinel":"#NAME?"},"engine":{"platform":"pycel"}}]],"extent":{"rows":1,"cols":1}}	{"kind":"value","grid":[[{"primitive":{"kind":"number","value":0.54930614433},"engine":{"platform":"hyperformula"}}]],"extent":{"rows":1,"cols":1}}	{"kind":"value","grid":[[{"primitive":{"kind":"number","value":0.549306144},"engine":{"platform":"ironcalc"}}]],"extent":{"rows":1,"cols":1}}	{"kind":"value","grid":[[{"primitive":{"kind":"number","value":0.5493061443340549},"engine":{"platform":"formulas"}}]],"extent":{"rows":1,"cols":1}}
ACOTH/acoth-less-than-1	=ACOTH(-2)	{"kind":"value","grid":[[{"primitive":{"kind":"error","sentinel":"#NAME?"},"engine":{"platform":"pycel"}}]],"extent":{"rows":1,"cols":1}}	{"kind":"value","grid":[[{"primitive":{"kind":"number","value":-0.54930614433},"engine":{"platform":"hyperformula"}}]],"extent":{"rows":1,"cols":1}}	{"kind":"value","grid":[[{"primitive":{"kind":"number","value":-0.549306144},"engine":{"platform":"ironcalc"}}]],"extent":{"rows":1,"cols":1}}	{"kind":"value","grid":[[{"primitive":{"kind":"number","value":-0.5493061443340549},"engine":{"platform":"formulas"}}]],"extent":{"rows":1,"cols":1}}
ASIN/asin-at-0	=ASIN(0)	{"kind":"value","grid":[[{"primitive":{"kind":"number","value":0},"engine":{"platform":"pycel"}}]],"extent":{"rows":1,"cols":1}}	{"kind":"value","grid":[[{"primitive":{"kind":"number","value":0},"engine":{"platform":"hyperformula"}}]],"extent":{"rows":1,"cols":1}}	{"kind":"value","grid":[[{"primitive":{"kind":"number","value":0},"engine":{"platform":"ironcalc"}}]],"extent":{"rows":1,"cols":1}}	{"kind":"value","grid":[[{"primitive":{"kind":"number","value":0},"engine":{"platform":"formulas"}}]],"extent":{"rows":1,"cols":1}}
ASIN/asin-at-1	=ASIN(1)	{"kind":"value","grid":[[{"primitive":{"kind":"number","value":1.5707963267948966},"engine":{"platform":"pycel"}}]],"extent":{"rows":1,"cols":1}}	{"kind":"value","grid":[[{"primitive":{"kind":"number","value":1.5707963268},"engine":{"platform":"hyperformula"}}]],"extent":{"rows":1,"cols":1}}	{"kind":"value","grid":[[{"primitive":{"kind":"number","value":1.570796327},"engine":{"platform":"ironcalc"}}]],"extent":{"rows":1,"cols":1}}	{"kind":"value","grid":[[{"primitive":{"kind":"number","value":1.5707963267948966},"engine":{"platform":"formulas"}}]],"extent":{"rows":1,"cols":1}}
ASIN/asin-negative	=ASIN(-1)	{"kind":"value","grid":[[{"primitive":{"kind":"error","sentinel":"#NAME?"},"engine":{"platform":"pycel"}}]],"extent":{"rows":1,"cols":1}}	{"kind":"value","grid":[[{"primitive":{"kind":"number","value":-1.5707963268},"engine":{"platform":"hyperformula"}}]],"extent":{"rows":1,"cols":1}}	{"kind":"value","grid":[[{"primitive":{"kind":"number","value":-1.570796327},"engine":{"platform":"ironcalc"}}]],"extent":{"rows":1,"cols":1}}	{"kind":"value","grid":[[{"primitive":{"kind":"number","value":-1.5707963267948966},"engine":{"platform":"formulas"}}]],"extent":{"rows":1,"cols":1}}
ASIN/asin-out-of-domain	=ASIN(2)	{"kind":"value","grid":[[{"primitive":{"kind":"error","sentinel":"#NAME?"},"engine":{"platform":"pycel"}}]],"extent":{"rows":1,"cols":1}}	{"kind":"value","grid":[[{"primitive":{"kind":"error","sentinel":"#NUM!"},"engine":{"platform":"hyperformula"}}]],"extent":{"rows":1,"cols":1}}	{"kind":"value","grid":[[{"primitive":{"kind":"error","sentinel":"#NUM!"},"engine":{"platform":"ironcalc"}}]],"extent":{"rows":1,"cols":1}}	{"kind":"value","grid":[[{"primitive":{"kind":"error","sentinel":"#NUM!"},"engine":{"platform":"formulas"}}]],"extent":{"rows":1,"cols":1}}
ASINH/asinh-at-0	=ASINH(0)	{"kind":"value","grid":[[{"primitive":{"kind":"number","value":0},"engine":{"platform":"pycel"}}]],"extent":{"rows":1,"cols":1}}	{"kind":"value","grid":[[{"primitive":{"kind":"number","value":0},"engine":{"platform":"hyperformula"}}]],"extent":{"rows":1,"cols":1}}	{"kind":"value","grid":[[{"primitive":{"kind":"number","value":0},"engine":{"platform":"ironcalc"}}]],"extent":{"rows":1,"cols":1}}	{"kind":"value","grid":[[{"primitive":{"kind":"number","value":0},"engine":{"platform":"formulas"}}]],"extent":{"rows":1,"cols":1}}
ASINH/asinh-at-1	=ASINH(1)	{"kind":"value","grid":[[{"primitive":{"kind":"number","value":0.881373587019543},"engine":{"platform":"pycel"}}]],"extent":{"rows":1,"cols":1}}	{"kind":"value","grid":[[{"primitive":{"kind":"number","value":0.88137358702},"engine":{"platform":"hyperformula"}}]],"extent":{"rows":1,"cols":1}}	{"kind":"value","grid":[[{"primitive":{"kind":"number","value":0.881373587},"engine":{"platform":"ironcalc"}}]],"extent":{"rows":1,"cols":1}}	{"kind":"value","grid":[[{"primitive":{"kind":"number","value":0.881373587019543},"engine":{"platform":"formulas"}}]],"extent":{"rows":1,"cols":1}}
ASINH/asinh-negative	=ASINH(-1)	{"kind":"value","grid":[[{"primitive":{"kind":"error","sentinel":"#NAME?"},"engine":{"platform":"pycel"}}]],"extent":{"rows":1,"cols":1}}	{"kind":"value","grid":[[{"primitive":{"kind":"number","value":-0.88137358702},"engine":{"platform":"hyperformula"}}]],"extent":{"rows":1,"cols":1}}	{"kind":"value","grid":[[{"primitive":{"kind":"number","value":-0.881373587},"engine":{"platform":"ironcalc"}}]],"extent":{"rows":1,"cols":1}}	{"kind":"value","grid":[[{"primitive":{"kind":"number","value":-0.881373587019543},"engine":{"platform":"formulas"}}]],"extent":{"rows":1,"cols":1}}
ATAN/atan-at-0	=ATAN(0)	{"kind":"value","grid":[[{"primitive":{"kind":"number","value":0},"engine":{"platform":"pycel"}}]],"extent":{"rows":1,"cols":1}}	{"kind":"value","grid":[[{"primitive":{"kind":"number","value":0},"engine":{"platform":"hyperformula"}}]],"extent":{"rows":1,"cols":1}}	{"kind":"value","grid":[[{"primitive":{"kind":"number","value":0},"engine":{"platform":"ironcalc"}}]],"extent":{"rows":1,"cols":1}}	{"kind":"value","grid":[[{"primitive":{"kind":"number","value":0},"engine":{"platform":"formulas"}}]],"extent":{"rows":1,"cols":1}}
ATAN/atan-at-1	=ATAN(1)	{"kind":"value","grid":[[{"primitive":{"kind":"number","value":0.7853981633974483},"engine":{"platform":"pycel"}}]],"extent":{"rows":1,"cols":1}}	{"kind":"value","grid":[[{"primitive":{"kind":"number","value":0.7853981634},"engine":{"platform":"hyperformula"}}]],"extent":{"rows":1,"cols":1}}	{"kind":"value","grid":[[{"primitive":{"kind":"number","value":0.785398163},"engine":{"platform":"ironcalc"}}]],"extent":{"rows":1,"cols":1}}	{"kind":"value","grid":[[{"primitive":{"kind":"number","value":0.7853981633974483},"engine":{"platform":"formulas"}}]],"extent":{"rows":1,"cols":1}}
ATAN/atan-negative	=ATAN(-1)	{"kind":"value","grid":[[{"primitive":{"kind":"error","sentinel":"#NAME?"},"engine":{"platform":"pycel"}}]],"extent":{"rows":1,"cols":1}}	{"kind":"value","grid":[[{"primitive":{"kind":"number","value":-0.7853981634},"engine":{"platform":"hyperformula"}}]],"extent":{"rows":1,"cols":1}}	{"kind":"value","grid":[[{"primitive":{"kind":"number","value":-0.785398163},"engine":{"platform":"ironcalc"}}]],"extent":{"rows":1,"cols":1}}	{"kind":"value","grid":[[{"primitive":{"kind":"number","value":-0.7853981633974483},"engine":{"platform":"formulas"}}]],"extent":{"rows":1,"cols":1}}
ATAN2/atan2-diagonal	=ATAN2(1, 1)	{"kind":"value","grid":[[{"primitive":{"kind":"number","value":0.7853981633974483},"engine":{"platform":"pycel"}}]],"extent":{"rows":1,"cols":1}}	{"kind":"value","grid":[[{"primitive":{"kind":"number","value":0.7853981634},"engine":{"platform":"hyperformula"}}]],"extent":{"rows":1,"cols":1}}	{"kind":"value","grid":[[{"primitive":{"kind":"number","value":0.785398163},"engine":{"platform":"ironcalc"}}]],"extent":{"rows":1,"cols":1}}	{"kind":"value","grid":[[{"primitive":{"kind":"number","value":0.7853981633974483},"engine":{"platform":"formulas"}}]],"extent":{"rows":1,"cols":1}}
ATAN2/atan2-negative	=ATAN2(-1, -1)	{"kind":"value","grid":[[{"primitive":{"kind":"error","sentinel":"#NAME?"},"engine":{"platform":"pycel"}}]],"extent":{"rows":1,"cols":1}}	{"kind":"value","grid":[[{"primitive":{"kind":"number","value":-2.3561944902},"engine":{"platform":"hyperformula"}}]],"extent":{"rows":1,"cols":1}}	{"kind":"value","grid":[[{"primitive":{"kind":"number","value":-2.35619449},"engine":{"platform":"ironcalc"}}]],"extent":{"rows":1,"cols":1}}	{"kind":"value","grid":[[{"primitive":{"kind":"number","value":-2.356194490192345},"engine":{"platform":"formulas"}}]],"extent":{"rows":1,"cols":1}}
ATAN2/atan2-on-x-axis	=ATAN2(1, 0)	{"kind":"value","grid":[[{"primitive":{"kind":"number","value":0},"engine":{"platform":"pycel"}}]],"extent":{"rows":1,"cols":1}}	{"kind":"value","grid":[[{"primitive":{"kind":"number","value":0},"engine":{"platform":"hyperformula"}}]],"extent":{"rows":1,"cols":1}}	{"kind":"value","grid":[[{"primitive":{"kind":"number","value":0},"engine":{"platform":"ironcalc"}}]],"extent":{"rows":1,"cols":1}}	{"kind":"value","grid":[[{"primitive":{"kind":"number","value":0},"engine":{"platform":"formulas"}}]],"extent":{"rows":1,"cols":1}}
ATAN2/atan2-on-y-axis	=ATAN2(0, 1)	{"kind":"value","grid":[[{"primitive":{"kind":"number","value":1.5707963267948966},"engine":{"platform":"pycel"}}]],"extent":{"rows":1,"cols":1}}	{"kind":"value","grid":[[{"primitive":{"kind":"number","value":1.5707963268},"engine":{"platform":"hyperformula"}}]],"extent":{"rows":1,"cols":1}}	{"kind":"value","grid":[[{"primitive":{"kind":"number","value":1.570796327},"engine":{"platform":"ironcalc"}}]],"extent":{"rows":1,"cols":1}}	{"kind":"value","grid":[[{"primitive":{"kind":"number","value":1.5707963267948966},"engine":{"platform":"formulas"}}]],"extent":{"rows":1,"cols":1}}
ATANH/atanh-at-0	=ATANH(0)	{"kind":"value","grid":[[{"primitive":{"kind":"number","value":0},"engine":{"platform":"pycel"}}]],"extent":{"rows":1,"cols":1}}	{"kind":"value","grid":[[{"primitive":{"kind":"number","value":0},"engine":{"platform":"hyperformula"}}]],"extent":{"rows":1,"cols":1}}	{"kind":"value","grid":[[{"primitive":{"kind":"number","value":0},"engine":{"platform":"ironcalc"}}]],"extent":{"rows":1,"cols":1}}	{"kind":"value","grid":[[{"primitive":{"kind":"number","value":0},"engine":{"platform":"formulas"}}]],"extent":{"rows":1,"cols":1}}
ATANH/atanh-negative	=ATANH(-0.5)	{"kind":"value","grid":[[{"primitive":{"kind":"error","sentinel":"#NAME?"},"engine":{"platform":"pycel"}}]],"extent":{"rows":1,"cols":1}}	{"kind":"value","grid":[[{"primitive":{"kind":"number","value":-0.54930614433},"engine":{"platform":"hyperformula"}}]],"extent":{"rows":1,"cols":1}}	{"kind":"value","grid":[[{"primitive":{"kind":"number","value":-0.549306144},"engine":{"platform":"ironcalc"}}]],"extent":{"rows":1,"cols":1}}	{"kind":"value","grid":[[{"primitive":{"kind":"number","value":-0.5493061443340549},"engine":{"platform":"formulas"}}]],"extent":{"rows":1,"cols":1}}
ATANH/atanh-positive	=ATANH(0.5)	{"kind":"value","grid":[[{"primitive":{"kind":"number","value":0.5493061443340549},"engine":{"platform":"pycel"}}]],"extent":{"rows":1,"cols":1}}	{"kind":"value","grid":[[{"primitive":{"kind":"number","value":0.54930614433},"engine":{"platform":"hyperformula"}}]],"extent":{"rows":1,"cols":1}}	{"kind":"value","grid":[[{"primitive":{"kind":"number","value":0.549306144},"engine":{"platform":"ironcalc"}}]],"extent":{"rows":1,"cols":1}}	{"kind":"value","grid":[[{"primitive":{"kind":"number","value":0.5493061443340549},"engine":{"platform":"formulas"}}]],"extent":{"rows":1,"cols":1}}
COS/cos-at-0	=COS(0)	{"kind":"value","grid":[[{"primitive":{"kind":"number","value":1},"engine":{"platform":"pycel"}}]],"extent":{"rows":1,"cols":1}}	{"kind":"value","grid":[[{"primitive":{"kind":"number","value":1},"engine":{"platform":"hyperformula"}}]],"extent":{"rows":1,"cols":1}}	{"kind":"value","grid":[[{"primitive":{"kind":"number","value":1},"engine":{"platform":"ironcalc"}}]],"extent":{"rows":1,"cols":1}}	{"kind":"value","grid":[[{"primitive":{"kind":"number","value":1},"engine":{"platform":"formulas"}}]],"extent":{"rows":1,"cols":1}}
COS/cos-at-1-radian	=COS(1)	{"kind":"value","grid":[[{"primitive":{"kind":"number","value":0.5403023058681398},"engine":{"platform":"pycel"}}]],"extent":{"rows":1,"cols":1}}	{"kind":"value","grid":[[{"primitive":{"kind":"number","value":0.54030230587},"engine":{"platform":"hyperformula"}}]],"extent":{"rows":1,"cols":1}}	{"kind":"value","grid":[[{"primitive":{"kind":"number","value":0.540302306},"engine":{"platform":"ironcalc"}}]],"extent":{"rows":1,"cols":1}}	{"kind":"value","grid":[[{"primitive":{"kind":"number","value":0.5403023058681398},"engine":{"platform":"formulas"}}]],"extent":{"rows":1,"cols":1}}
COS/cos-at-pi	=COS(PI())	{"kind":"value","grid":[[{"primitive":{"kind":"number","value":-1},"engine":{"platform":"pycel"}}]],"extent":{"rows":1,"cols":1}}	{"kind":"value","grid":[[{"primitive":{"kind":"number","value":-1},"engine":{"platform":"hyperformula"}}]],"extent":{"rows":1,"cols":1}}	{"kind":"value","grid":[[{"primitive":{"kind":"number","value":-1},"engine":{"platform":"ironcalc"}}]],"extent":{"rows":1,"cols":1}}	{"kind":"value","grid":[[{"primitive":{"kind":"number","value":-1},"engine":{"platform":"formulas"}}]],"extent":{"rows":1,"cols":1}}
COS/cos-at-pi-2	=COS(PI()/2)	{"kind":"value","grid":[[{"primitive":{"kind":"error","sentinel":"#NAME?"},"engine":{"platform":"pycel"}}]],"extent":{"rows":1,"cols":1}}	{"kind":"value","grid":[[{"primitive":{"kind":"number","value":1.6155445743999999e-15},"engine":{"platform":"hyperformula"}}]],"extent":{"rows":1,"cols":1}}	{"kind":"value","grid":[[{"primitive":{"kind":"number","value":6.12323e-17},"engine":{"platform":"ironcalc"}}]],"extent":{"rows":1,"cols":1}}	{"kind":"value","grid":[[{"primitive":{"kind":"number","value":6.123233995736766e-17},"engine":{"platform":"formulas"}}]],"extent":{"rows":1,"cols":1}}
COS/cos-negative-symmetric	=COS(-PI())	{"kind":"value","grid":[[{"primitive":{"kind":"error","sentinel":"#NAME?"},"engine":{"platform":"pycel"}}]],"extent":{"rows":1,"cols":1}}	{"kind":"value","grid":[[{"primitive":{"kind":"number","value":-1},"engine":{"platform":"hyperformula"}}]],"extent":{"rows":1,"cols":1}}	{"kind":"value","grid":[[{"primitive":{"kind":"number","value":-1},"engine":{"platform":"ironcalc"}}]],"extent":{"rows":1,"cols":1}}	{"kind":"value","grid":[[{"primitive":{"kind":"number","value":-1},"engine":{"platform":"formulas"}}]],"extent":{"rows":1,"cols":1}}
COSH/cosh-at-0	=COSH(0)	{"kind":"value","grid":[[{"primitive":{"kind":"number","value":1},"engine":{"platform":"pycel"}}]],"extent":{"rows":1,"cols":1}}	{"kind":"value","grid":[[{"primitive":{"kind":"number","value":1},"engine":{"platform":"hyperformula"}}]],"extent":{"rows":1,"cols":1}}	{"kind":"value","grid":[[{"primitive":{"kind":"number","value":1},"engine":{"platform":"ironcalc"}}]],"extent":{"rows":1,"cols":1}}	{"kind":"value","grid":[[{"primitive":{"kind":"number","value":1},"engine":{"platform":"formulas"}}]],"extent":{"rows":1,"cols":1}}
COSH/cosh-at-1	=COSH(1)	{"kind":"value","grid":[[{"primitive":{"kind":"number","value":1.5430806348152437},"engine":{"platform":"pycel"}}]],"extent":{"rows":1,"cols":1}}	{"kind":"value","grid":[[{"primitive":{"kind":"number","value":1.5430806348},"engine":{"platform":"hyperformula"}}]],"extent":{"rows":1,"cols":1}}	{"kind":"value","grid":[[{"primitive":{"kind":"number","value":1.543080635},"engine":{"platform":"ironcalc"}}]],"extent":{"rows":1,"cols":1}}	{"kind":"value","grid":[[{"primitive":{"kind":"number","value":1.5430806348152437},"engine":{"platform":"formulas"}}]],"extent":{"rows":1,"cols":1}}
COSH/cosh-negative-symmetric	=COSH(-1)	{"kind":"value","grid":[[{"primitive":{"kind":"error","sentinel":"#NAME?"},"engine":{"platform":"pycel"}}]],"extent":{"rows":1,"cols":1}}	{"kind":"value","grid":[[{"primitive":{"kind":"number","value":1.5430806348},"engine":{"platform":"hyperformula"}}]],"extent":{"rows":1,"cols":1}}	{"kind":"value","grid":[[{"primitive":{"kind":"number","value":1.543080635},"engine":{"platform":"ironcalc"}}]],"extent":{"rows":1,"cols":1}}	{"kind":"value","grid":[[{"primitive":{"kind":"number","value":1.5430806348152437},"engine":{"platform":"formulas"}}]],"extent":{"rows":1,"cols":1}}
COT/cot-at-0-error	=COT(0)	{"kind":"value","grid":[[{"primitive":{"kind":"error","sentinel":"#NAME?"},"engine":{"platform":"pycel"}}]],"extent":{"rows":1,"cols":1}}	{"kind":"value","grid":[[{"primitive":{"kind":"error","sentinel":"#DIV/0!"},"engine":{"platform":"hyperformula"}}]],"extent":{"rows":1,"cols":1}}	{"kind":"value","grid":[[{"primitive":{"kind":"error","sentinel":"#DIV/0!"},"engine":{"platform":"ironcalc"}}]],"extent":{"rows":1,"cols":1}}	{"kind":"value","grid":[[{"primitive":{"kind":"error","sentinel":"#DIV/0!"},"engine":{"platform":"formulas"}}]],"extent":{"rows":1,"cols":1}}
COT/cot-at-1-radian	=COT(1)	{"kind":"value","grid":[[{"primitive":{"kind":"error","sentinel":"#NAME?"},"engine":{"platform":"pycel"}}]],"extent":{"rows":1,"cols":1}}	{"kind":"value","grid":[[{"primitive":{"kind":"number","value":0.64209261593},"engine":{"platform":"hyperformula"}}]],"extent":{"rows":1,"cols":1}}	{"kind":"value","grid":[[{"primitive":{"kind":"number","value":0.642092616},"engine":{"platform":"ironcalc"}}]],"extent":{"rows":1,"cols":1}}	{"kind":"value","grid":[[{"primitive":{"kind":"number","value":0.6420926159343308},"engine":{"platform":"formulas"}}]],"extent":{"rows":1,"cols":1}}
COT/cot-at-pi-2	=COT(PI()/2)	{"kind":"value","grid":[[{"primitive":{"kind":"error","sentinel":"#NAME?"},"engine":{"platform":"pycel"}}]],"extent":{"rows":1,"cols":1}}	{"kind":"value","grid":[[{"primitive":{"kind":"number","value":1.6155445743999999e-15},"engine":{"platform":"hyperformula"}}]],"extent":{"rows":1,"cols":1}}	{"kind":"value","grid":[[{"primitive":{"kind":"number","value":6.12323e-17},"engine":{"platform":"ironcalc"}}]],"extent":{"rows":1,"cols":1}}	{"kind":"value","grid":[[{"primitive":{"kind":"number","value":6.123233995736766e-17},"engine":{"platform":"formulas"}}]],"extent":{"rows":1,"cols":1}}
COT/cot-negative	=COT(-1)	{"kind":"value","grid":[[{"primitive":{"kind":"error","sentinel":"#NAME?"},"engine":{"platform":"pycel"}}]],"extent":{"rows":1,"cols":1}}	{"kind":"value","grid":[[{"primitive":{"kind":"number","value":-0.64209261593},"engine":{"platform":"hyperformula"}}]],"extent":{"rows":1,"cols":1}}	{"kind":"value","grid":[[{"primitive":{"kind":"number","value":-0.642092616},"engine":{"platform":"ironcalc"}}]],"extent":{"rows":1,"cols":1}}	{"kind":"value","grid":[[{"primitive":{"kind":"number","value":-0.6420926159343308},"engine":{"platform":"formulas"}}]],"extent":{"rows":1,"cols":1}}
COTH/coth-at-0-error	=COTH(0)	{"kind":"value","grid":[[{"primitive":{"kind":"error","sentinel":"#NAME?"},"engine":{"platform":"pycel"}}]],"extent":{"rows":1,"cols":1}}	{"kind":"value","grid":[[{"primitive":{"kind":"error","sentinel":"#DIV/0!"},"engine":{"platform":"hyperformula"}}]],"extent":{"rows":1,"cols":1}}	{"kind":"value","grid":[[{"primitive":{"kind":"error","sentinel":"#DIV/0!"},"engine":{"platform":"ironcalc"}}]],"extent":{"rows":1,"cols":1}}	{"kind":"value","grid":[[{"primitive":{"kind":"error","sentinel":"#DIV/0!"},"engine":{"platform":"formulas"}}]],"extent":{"rows":1,"cols":1}}
COTH/coth-at-1	=COTH(1)	{"kind":"value","grid":[[{"primitive":{"kind":"error","sentinel":"#NAME?"},"engine":{"platform":"pycel"}}]],"extent":{"rows":1,"cols":1}}	{"kind":"value","grid":[[{"primitive":{"kind":"number","value":1.3130352855},"engine":{"platform":"hyperformula"}}]],"extent":{"rows":1,"cols":1}}	{"kind":"value","grid":[[{"primitive":{"kind":"number","value":1.313035285},"engine":{"platform":"ironcalc"}}]],"extent":{"rows":1,"cols":1}}	{"kind":"value","grid":[[{"primitive":{"kind":"number","value":1.3130352854993315},"engine":{"platform":"formulas"}}]],"extent":{"rows":1,"cols":1}}
COTH/coth-negative	=COTH(-1)	{"kind":"value","grid":[[{"primitive":{"kind":"error","sentinel":"#NAME?"},"engine":{"platform":"pycel"}}]],"extent":{"rows":1,"cols":1}}	{"kind":"value","grid":[[{"primitive":{"kind":"number","value":-1.3130352855},"engine":{"platform":"hyperformula"}}]],"extent":{"rows":1,"cols":1}}	{"kind":"value","grid":[[{"primitive":{"kind":"number","value":-1.313035285},"engine":{"platform":"ironcalc"}}]],"extent":{"rows":1,"cols":1}}	{"kind":"value","grid":[[{"primitive":{"kind":"number","value":-1.3130352854993315},"engine":{"platform":"formulas"}}]],"extent":{"rows":1,"cols":1}}
COUNTIFS/countifs-exact-match	=COUNTIFS(A1:A3, 5)	{"kind":"value","grid":[[{"primitive":{"kind":"number","value":2},"engine":{"platform":"pycel"}}]],"extent":{"rows":1,"cols":1}}	{"kind":"value","grid":[[{"primitive":{"kind":"number","value":2},"engine":{"platform":"hyperformula"}}]],"extent":{"rows":1,"cols":1}}	{"kind":"value","grid":[[{"primitive":{"kind":"number","value":2},"engine":{"platform":"ironcalc"}}]],"extent":{"rows":1,"cols":1}}	{"kind":"value","grid":[[{"primitive":{"kind":"number","value":2},"engine":{"platform":"formulas"}}]],"extent":{"rows":1,"cols":1}}
COUNTIFS/countifs-no-match	=COUNTIFS(A1:A2, ">10")	{"kind":"value","grid":[[{"primitive":{"kind":"number","value":0},"engine":{"platform":"pycel"}}]],"extent":{"rows":1,"cols":1}}	{"kind":"value","grid":[[{"primitive":{"kind":"number","value":0},"engine":{"platform":"hyperformula"}}]],"extent":{"rows":1,"cols":1}}	{"kind":"value","grid":[[{"primitive":{"kind":"number","value":0},"engine":{"platform":"ironcalc"}}]],"extent":{"rows":1,"cols":1}}	{"kind":"value","grid":[[{"primitive":{"kind":"number","value":0},"engine":{"platform":"formulas"}}]],"extent":{"rows":1,"cols":1}}
COUNTIFS/countifs-single-criterion	=COUNTIFS(A1:A4, ">2")	{"kind":"value","grid":[[{"primitive":{"kind":"number","value":2},"engine":{"platform":"pycel"}}]],"extent":{"rows":1,"cols":1}}	{"kind":"value","grid":[[{"primitive":{"kind":"number","value":2},"engine":{"platform":"hyperformula"}}]],"extent":{"rows":1,"cols":1}}	{"kind":"value","grid":[[{"primitive":{"kind":"number","value":2},"engine":{"platform":"ironcalc"}}]],"extent":{"rows":1,"cols":1}}	{"kind":"value","grid":[[{"primitive":{"kind":"number","value":2},"engine":{"platform":"formulas"}}]],"extent":{"rows":1,"cols":1}}
COUNTIFS/countifs-two-criteria	=COUNTIFS(A1:A4, ">1", B1:B4, "x")	{"kind":"value","grid":[[{"primitive":{"kind":"number","value":2},"engine":{"platform":"pycel"}}]],"extent":{"rows":1,"cols":1}}	{"kind":"value","grid":[[{"primitive":{"kind":"number","value":2},"engine":{"platform":"hyperformula"}}]],"extent":{"rows":1,"cols":1}}	{"kind":"value","grid":[[{"primitive":{"kind":"number","value":2},"engine":{"platform":"ironcalc"}}]],"extent":{"rows":1,"cols":1}}	{"kind":"value","grid":[[{"primitive":{"kind":"number","value":2},"engine":{"platform":"formulas"}}]],"extent":{"rows":1,"cols":1}}
CSC/csc-at-0-error	=CSC(0)	{"kind":"value","grid":[[{"primitive":{"kind":"error","sentinel":"#NAME?"},"engine":{"platform":"pycel"}}]],"extent":{"rows":1,"cols":1}}	{"kind":"value","grid":[[{"primitive":{"kind":"error","sentinel":"#DIV/0!"},"engine":{"platform":"hyperformula"}}]],"extent":{"rows":1,"cols":1}}	{"kind":"value","grid":[[{"primitive":{"kind":"error","sentinel":"#DIV/0!"},"engine":{"platform":"ironcalc"}}]],"extent":{"rows":1,"cols":1}}	{"kind":"value","grid":[[{"primitive":{"kind":"error","sentinel":"#DIV/0!"},"engine":{"platform":"formulas"}}]],"extent":{"rows":1,"cols":1}}
CSC/csc-at-1-radian	=CSC(1)	{"kind":"value","grid":[[{"primitive":{"kind":"error","sentinel":"#NAME?"},"engine":{"platform":"pycel"}}]],"extent":{"rows":1,"cols":1}}	{"kind":"value","grid":[[{"primitive":{"kind":"number","value":1.1883951058},"engine":{"platform":"hyperformula"}}]],"extent":{"rows":1,"cols":1}}	{"kind":"value","grid":[[{"primitive":{"kind":"number","value":1.188395106},"engine":{"platform":"ironcalc"}}]],"extent":{"rows":1,"cols":1}}	{"kind":"value","grid":[[{"primitive":{"kind":"number","value":1.1883951057781212},"engine":{"platform":"formulas"}}]],"extent":{"rows":1,"cols":1}}
CSCH/csch-at-0-error	=CSCH(0)	{"kind":"value","grid":[[{"primitive":{"kind":"error","sentinel":"#NAME?"},"engine":{"platform":"pycel"}}]],"extent":{"rows":1,"cols":1}}	{"kind":"value","grid":[[{"primitive":{"kind":"error","sentinel":"#DIV/0!"},"engine":{"platform":"hyperformula"}}]],"extent":{"rows":1,"cols":1}}	{"kind":"value","grid":[[{"primitive":{"kind":"error","sentinel":"#DIV/0!"},"engine":{"platform":"ironcalc"}}]],"extent":{"rows":1,"cols":1}}	{"kind":"value","grid":[[{"primitive":{"kind":"error","sentinel":"#DIV/0!"},"engine":{"platform":"formulas"}}]],"extent":{"rows":1,"cols":1}}
CSCH/csch-at-1	=CSCH(1)	{"kind":"value","grid":[[{"primitive":{"kind":"error","sentinel":"#NAME?"},"engine":{"platform":"pycel"}}]],"extent":{"rows":1,"cols":1}}	{"kind":"value","grid":[[{"primitive":{"kind":"number","value":0.85091812824},"engine":{"platform":"hyperformula"}}]],"extent":{"rows":1,"cols":1}}	{"kind":"value","grid":[[{"primitive":{"kind":"number","value":0.850918128},"engine":{"platform":"ironcalc"}}]],"extent":{"rows":1,"cols":1}}	{"kind":"value","grid":[[{"primitive":{"kind":"number","value":0.8509181282393216},"engine":{"platform":"formulas"}}]],"extent":{"rows":1,"cols":1}}
CSCH/csch-negative	=CSCH(-1)	{"kind":"value","grid":[[{"primitive":{"kind":"error","sentinel":"#NAME?"},"engine":{"platform":"pycel"}}]],"extent":{"rows":1,"cols":1}}	{"kind":"value","grid":[[{"primitive":{"kind":"number","value":-0.85091812824},"engine":{"platform":"hyperformula"}}]],"extent":{"rows":1,"cols":1}}	{"kind":"value","grid":[[{"primitive":{"kind":"number","value":-0.850918128},"engine":{"platform":"ironcalc"}}]],"extent":{"rows":1,"cols":1}}	{"kind":"value","grid":[[{"primitive":{"kind":"number","value":-0.8509181282393216},"engine":{"platform":"formulas"}}]],"extent":{"rows":1,"cols":1}}
DEGREES/degrees-negative	=DEGREES(-PI())	{"kind":"value","grid":[[{"primitive":{"kind":"error","sentinel":"#NAME?"},"engine":{"platform":"pycel"}}]],"extent":{"rows":1,"cols":1}}	{"kind":"value","grid":[[{"primitive":{"kind":"number","value":-180},"engine":{"platform":"hyperformula"}}]],"extent":{"rows":1,"cols":1}}	{"kind":"value","grid":[[{"primitive":{"kind":"number","value":-180},"engine":{"platform":"ironcalc"}}]],"extent":{"rows":1,"cols":1}}	{"kind":"value","grid":[[{"primitive":{"kind":"number","value":-180},"engine":{"platform":"formulas"}}]],"extent":{"rows":1,"cols":1}}
DEGREES/degrees-of-0	=DEGREES(0)	{"kind":"value","grid":[[{"primitive":{"kind":"number","value":0},"engine":{"platform":"pycel"}}]],"extent":{"rows":1,"cols":1}}	{"kind":"value","grid":[[{"primitive":{"kind":"number","value":0},"engine":{"platform":"hyperformula"}}]],"extent":{"rows":1,"cols":1}}	{"kind":"value","grid":[[{"primitive":{"kind":"number","value":0},"engine":{"platform":"ironcalc"}}]],"extent":{"rows":1,"cols":1}}	{"kind":"value","grid":[[{"primitive":{"kind":"number","value":0},"engine":{"platform":"formulas"}}]],"extent":{"rows":1,"cols":1}}
DEGREES/degrees-of-pi	=DEGREES(PI())	{"kind":"value","grid":[[{"primitive":{"kind":"number","value":180},"engine":{"platform":"pycel"}}]],"extent":{"rows":1,"cols":1}}	{"kind":"value","grid":[[{"primitive":{"kind":"number","value":180},"engine":{"platform":"hyperformula"}}]],"extent":{"rows":1,"cols":1}}	{"kind":"value","grid":[[{"primitive":{"kind":"number","value":180},"engine":{"platform":"ironcalc"}}]],"extent":{"rows":1,"cols":1}}	{"kind":"value","grid":[[{"primitive":{"kind":"number","value":180},"engine":{"platform":"formulas"}}]],"extent":{"rows":1,"cols":1}}
DEGREES/degrees-of-pi-2	=DEGREES(PI()/2)	{"kind":"value","grid":[[{"primitive":{"kind":"error","sentinel":"#NAME?"},"engine":{"platform":"pycel"}}]],"extent":{"rows":1,"cols":1}}	{"kind":"value","grid":[[{"primitive":{"kind":"number","value":90},"engine":{"platform":"hyperformula"}}]],"extent":{"rows":1,"cols":1}}	{"kind":"value","grid":[[{"primitive":{"kind":"number","value":90},"engine":{"platform":"ironcalc"}}]],"extent":{"rows":1,"cols":1}}	{"kind":"value","grid":[[{"primitive":{"kind":"number","value":90},"engine":{"platform":"formulas"}}]],"extent":{"rows":1,"cols":1}}
ERFC.PRECISE/erfc-precise-at-1	=ERFC.PRECISE(1)	{"kind":"value","grid":[[{"primitive":{"kind":"error","sentinel":"#NAME?"},"engine":{"platform":"pycel"}}]],"extent":{"rows":1,"cols":1}}	{"kind":"value","grid":[[{"primitive":{"kind":"error","sentinel":"#NAME?"},"engine":{"platform":"hyperformula"}}]],"extent":{"rows":1,"cols":1}}	{"kind":"value","grid":[[{"primitive":{"kind":"number","value":0.157299207},"engine":{"platform":"ironcalc"}}]],"extent":{"rows":1,"cols":1}}	{"kind":"value","grid":[[{"primitive":{"kind":"number","value":0.15729920705028516},"engine":{"platform":"formulas"}}]],"extent":{"rows":1,"cols":1}}
ERFC.PRECISE/erfc-precise-at-2	=ERFC.PRECISE(2)	{"kind":"value","grid":[[{"primitive":{"kind":"error","sentinel":"#NAME?"},"engine":{"platform":"pycel"}}]],"extent":{"rows":1,"cols":1}}	{"kind":"value","grid":[[{"primitive":{"kind":"error","sentinel":"#NAME?"},"engine":{"platform":"hyperformula"}}]],"extent":{"rows":1,"cols":1}}	{"kind":"value","grid":[[{"primitive":{"kind":"number","value":0.004677735},"engine":{"platform":"ironcalc"}}]],"extent":{"rows":1,"cols":1}}	{"kind":"value","grid":[[{"primitive":{"kind":"number","value":0.0046777349810472645},"engine":{"platform":"formulas"}}]],"extent":{"rows":1,"cols":1}}
ERFC/erfc-at-0	=ERFC(0)	{"kind":"value","grid":[[{"primitive":{"kind":"number","value":1},"engine":{"platform":"pycel"}}]],"extent":{"rows":1,"cols":1}}	{"kind":"value","grid":[[{"primitive":{"kind":"number","value":1},"engine":{"platform":"hyperformula"}}]],"extent":{"rows":1,"cols":1}}	{"kind":"value","grid":[[{"primitive":{"kind":"number","value":1},"engine":{"platform":"ironcalc"}}]],"extent":{"rows":1,"cols":1}}	{"kind":"value","grid":[[{"primitive":{"kind":"number","value":1},"engine":{"platform":"formulas"}}]],"extent":{"rows":1,"cols":1}}
ERFC/erfc-at-1	=ERFC(1)	{"kind":"value","grid":[[{"primitive":{"kind":"number","value":0.15729920705028516},"engine":{"platform":"pycel"}}]],"extent":{"rows":1,"cols":1}}	{"kind":"value","grid":[[{"primitive":{"kind":"number","value":0.15729920705},"engine":{"platform":"hyperformula"}}]],"extent":{"rows":1,"cols":1}}	{"kind":"value","grid":[[{"primitive":{"kind":"number","value":0.157299207},"engine":{"platform":"ironcalc"}}]],"extent":{"rows":1,"cols":1}}	{"kind":"value","grid":[[{"primitive":{"kind":"number","value":0.15729920705028516},"engine":{"platform":"formulas"}}]],"extent":{"rows":1,"cols":1}}
ERFC/erfc-negative	=ERFC(-1)	{"kind":"value","grid":[[{"primitive":{"kind":"error","sentinel":"#NAME?"},"engine":{"platform":"pycel"}}]],"extent":{"rows":1,"cols":1}}	{"kind":"value","grid":[[{"primitive":{"kind":"number","value":1.8427007929},"engine":{"platform":"hyperformula"}}]],"extent":{"rows":1,"cols":1}}	{"kind":"value","grid":[[{"primitive":{"kind":"number","value":1.842700793},"engine":{"platform":"ironcalc"}}]],"extent":{"rows":1,"cols":1}}	{"kind":"value","grid":[[{"primitive":{"kind":"number","value":1.8427007929497148},"engine":{"platform":"formulas"}}]],"extent":{"rows":1,"cols":1}}
FACTDOUBLE/factdouble-of-0	=FACTDOUBLE(0)	{"kind":"value","grid":[[{"primitive":{"kind":"number","value":1},"engine":{"platform":"pycel"}}]],"extent":{"rows":1,"cols":1}}	{"kind":"value","grid":[[{"primitive":{"kind":"number","value":1},"engine":{"platform":"hyperformula"}}]],"extent":{"rows":1,"cols":1}}	{"kind":"value","grid":[[{"primitive":{"kind":"number","value":1},"engine":{"platform":"ironcalc"}}]],"extent":{"rows":1,"cols":1}}	{"kind":"value","grid":[[{"primitive":{"kind":"number","value":1},"engine":{"platform":"formulas"}}]],"extent":{"rows":1,"cols":1}}
GAMMALN.PRECISE/gammaln-precise-at-5	=GAMMALN.PRECISE(5)	{"kind":"value","grid":[[{"primitive":{"kind":"error","sentinel":"#NAME?"},"engine":{"platform":"pycel"}}]],"extent":{"rows":1,"cols":1}}	{"kind":"value","grid":[[{"primitive":{"kind":"number","value":3.1780538303},"engine":{"platform":"hyperformula"}}]],"extent":{"rows":1,"cols":1}}	{"kind":"value","grid":[[{"primitive":{"kind":"number","value":3.17805383},"engine":{"platform":"ironcalc"}}]],"extent":{"rows":1,"cols":1}}	{"kind":"value","grid":[[{"primitive":{"kind":"number","value":3.1780538303479444},"engine":{"platform":"formulas"}}]],"extent":{"rows":1,"cols":1}}
GAMMALN/gammaln-at-5	=GAMMALN(5)	{"kind":"value","grid":[[{"primitive":{"kind":"error","sentinel":"#NAME?"},"engine":{"platform":"pycel"}}]],"extent":{"rows":1,"cols":1}}	{"kind":"value","grid":[[{"primitive":{"kind":"number","value":3.1780538303},"engine":{"platform":"hyperformula"}}]],"extent":{"rows":1,"cols":1}}	{"kind":"value","grid":[[{"primitive":{"kind":"number","value":3.17805383},"engine":{"platform":"ironcalc"}}]],"extent":{"rows":1,"cols":1}}	{"kind":"value","grid":[[{"primitive":{"kind":"number","value":3.1780538303479444},"engine":{"platform":"formulas"}}]],"extent":{"rows":1,"cols":1}}
GCD/gcd-basic	=GCD(12, 18)	{"kind":"value","grid":[[{"primitive":{"kind":"number","value":6},"engine":{"platform":"pycel"}}]],"extent":{"rows":1,"cols":1}}	{"kind":"value","grid":[[{"primitive":{"kind":"number","value":6},"engine":{"platform":"hyperformula"}}]],"extent":{"rows":1,"cols":1}}	{"kind":"value","grid":[[{"primitive":{"kind":"number","value":6},"engine":{"platform":"ironcalc"}}]],"extent":{"rows":1,"cols":1}}	{"kind":"value","grid":[[{"primitive":{"kind":"number","value":6},"engine":{"platform":"formulas"}}]],"extent":{"rows":1,"cols":1}}
GCD/gcd-coprime	=GCD(7, 13)	{"kind":"value","grid":[[{"primitive":{"kind":"number","value":1},"engine":{"platform":"pycel"}}]],"extent":{"rows":1,"cols":1}}	{"kind":"value","grid":[[{"primitive":{"kind":"number","value":1},"engine":{"platform":"hyperformula"}}]],"extent":{"rows":1,"cols":1}}	{"kind":"value","grid":[[{"primitive":{"kind":"number","value":1},"engine":{"platform":"ironcalc"}}]],"extent":{"rows":1,"cols":1}}	{"kind":"value","grid":[[{"primitive":{"kind":"number","value":1},"engine":{"platform":"formulas"}}]],"extent":{"rows":1,"cols":1}}
GCD/gcd-multiple-args	=GCD(24, 36, 60)	{"kind":"value","grid":[[{"primitive":{"kind":"number","value":12},"engine":{"platform":"pycel"}}]],"extent":{"rows":1,"cols":1}}	{"kind":"value","grid":[[{"primitive":{"kind":"number","value":12},"engine":{"platform":"hyperformula"}}]],"extent":{"rows":1,"cols":1}}	{"kind":"value","grid":[[{"primitive":{"kind":"number","value":12},"engine":{"platform":"ironcalc"}}]],"extent":{"rows":1,"cols":1}}	{"kind":"value","grid":[[{"primitive":{"kind":"number","value":12},"engine":{"platform":"formulas"}}]],"extent":{"rows":1,"cols":1}}
GCD/gcd-with-zero	=GCD(0, 8)	{"kind":"value","grid":[[{"primitive":{"kind":"number","value":8},"engine":{"platform":"pycel"}}]],"extent":{"rows":1,"cols":1}}	{"kind":"value","grid":[[{"primitive":{"kind":"number","value":8},"engine":{"platform":"hyperformula"}}]],"extent":{"rows":1,"cols":1}}	{"kind":"value","grid":[[{"primitive":{"kind":"number","value":8},"engine":{"platform":"ironcalc"}}]],"extent":{"rows":1,"cols":1}}	{"kind":"value","grid":[[{"primitive":{"kind":"number","value":8},"engine":{"platform":"formulas"}}]],"extent":{"rows":1,"cols":1}}
IMLN/imln-of-complex	=IMLN("3+4i")	{"kind":"value","grid":[[{"primitive":{"kind":"error","sentinel":"#NAME?"},"engine":{"platform":"pycel"}}]],"extent":{"rows":1,"cols":1}}	{"kind":"value","grid":[[{"primitive":{"kind":"string","value":"1.6094379124341003+0.9272952180016122i"},"engine":{"platform":"hyperformula"}}]],"extent":{"rows":1,"cols":1}}	{"kind":"value","grid":[[{"primitive":{"kind":"string","value":"1.6094379124341+0.927295218001612i"},"engine":{"platform":"ironcalc"}}]],"extent":{"rows":1,"cols":1}}	{"kind":"value","grid":[[{"primitive":{"kind":"string","value":"1.6094379124341003+0.9272952180016122i"},"engine":{"platform":"formulas"}}]],"extent":{"rows":1,"cols":1}}
IMLN/imln-of-i	=IMLN("i")	{"kind":"value","grid":[[{"primitive":{"kind":"error","sentinel":"#NAME?"},"engine":{"platform":"pycel"}}]],"extent":{"rows":1,"cols":1}}	{"kind":"value","grid":[[{"primitive":{"kind":"string","value":"1.5707963267948966i"},"engine":{"platform":"hyperformula"}}]],"extent":{"rows":1,"cols":1}}	{"kind":"value","grid":[[{"primitive":{"kind":"string","value":"1.5707963267949i"},"engine":{"platform":"ironcalc"}}]],"extent":{"rows":1,"cols":1}}	{"kind":"value","grid":[[{"primitive":{"kind":"string","value":"1.5707963267948966i"},"engine":{"platform":"formulas"}}]],"extent":{"rows":1,"cols":1}}
IMLN/imln-of-real	=IMLN("1")	{"kind":"value","grid":[[{"primitive":{"kind":"error","sentinel":"#NAME?"},"engine":{"platform":"pycel"}}]],"extent":{"rows":1,"cols":1}}	{"kind":"value","grid":[[{"primitive":{"kind":"string","value":"0"},"engine":{"platform":"hyperformula"}}]],"extent":{"rows":1,"cols":1}}	{"kind":"value","grid":[[{"primitive":{"kind":"string","value":"0"},"engine":{"platform":"ironcalc"}}]],"extent":{"rows":1,"cols":1}}	{"kind":"value","grid":[[{"primitive":{"kind":"string","value":"0"},"engine":{"platform":"formulas"}}]],"extent":{"rows":1,"cols":1}}
IMPOWER/impower-of-i-squared	=IMPOWER("i", 2)	{"kind":"value","grid":[[{"primitive":{"kind":"error","sentinel":"#NAME?"},"engine":{"platform":"pycel"}}]],"extent":{"rows":1,"cols":1}}	{"kind":"value","grid":[[{"primitive":{"kind":"string","value":"-1+1.2246467991473532e-16i"},"engine":{"platform":"hyperformula"}}]],"extent":{"rows":1,"cols":1}}	{"kind":"value","grid":[[{"primitive":{"kind":"string","value":"-1+0.000000000000000122464679914735i"},"engine":{"platform":"ironcalc"}}]],"extent":{"rows":1,"cols":1}}	{"kind":"value","grid":[[{"primitive":{"kind":"string","value":"-1"},"engine":{"platform":"formulas"}}]],"extent":{"rows":1,"cols":1}}
IMPOWER/impower-squared	=IMPOWER("2+3i", 2)	{"kind":"value","grid":[[{"primitive":{"kind":"error","sentinel":"#NAME?"},"engine":{"platform":"pycel"}}]],"extent":{"rows":1,"cols":1}}	{"kind":"value","grid":[[{"primitive":{"kind":"string","value":"-5+12i"},"engine":{"platform":"hyperformula"}}]],"extent":{"rows":1,"cols":1}}	{"kind":"value","grid":[[{"primitive":{"kind":"string","value":"-5+12i"},"engine":{"platform":"ironcalc"}}]],"extent":{"rows":1,"cols":1}}	{"kind":"value","grid":[[{"primitive":{"kind":"string","value":"-5+12i"},"engine":{"platform":"formulas"}}]],"extent":{"rows":1,"cols":1}}
IMPOWER/impower-zeroth	=IMPOWER("2+3i", 0)	{"kind":"value","grid":[[{"primitive":{"kind":"error","sentinel":"#NAME?"},"engine":{"platform":"pycel"}}]],"extent":{"rows":1,"cols":1}}	{"kind":"value","grid":[[{"primitive":{"kind":"string","value":"1"},"engine":{"platform":"hyperformula"}}]],"extent":{"rows":1,"cols":1}}	{"kind":"value","grid":[[{"primitive":{"kind":"string","value":"1"},"engine":{"platform":"ironcalc"}}]],"extent":{"rows":1,"cols":1}}	{"kind":"value","grid":[[{"primitive":{"kind":"string","value":"1"},"engine":{"platform":"formulas"}}]],"extent":{"rows":1,"cols":1}}
IMSQRT/imsqrt-of-complex	=IMSQRT("3+4i")	{"kind":"value","grid":[[{"primitive":{"kind":"error","sentinel":"#NAME?"},"engine":{"platform":"pycel"}}]],"extent":{"rows":1,"cols":1}}	{"kind":"value","grid":[[{"primitive":{"kind":"string","value":"2+i"},"engine":{"platform":"hyperformula"}}]],"extent":{"rows":1,"cols":1}}	{"kind":"value","grid":[[{"primitive":{"kind":"string","value":"2+i"},"engine":{"platform":"ironcalc"}}]],"extent":{"rows":1,"cols":1}}	{"kind":"value","grid":[[{"primitive":{"kind":"string","value":"2+i"},"engine":{"platform":"formulas"}}]],"extent":{"rows":1,"cols":1}}
IMSQRT/imsqrt-of-i	=IMSQRT("i")	{"kind":"value","grid":[[{"primitive":{"kind":"error","sentinel":"#NAME?"},"engine":{"platform":"pycel"}}]],"extent":{"rows":1,"cols":1}}	{"kind":"value","grid":[[{"primitive":{"kind":"string","value":"0.7071067811865476+0.7071067811865475i"},"engine":{"platform":"hyperformula"}}]],"extent":{"rows":1,"cols":1}}	{"kind":"value","grid":[[{"primitive":{"kind":"string","value":"0.707106781186548+0.707106781186547i"},"engine":{"platform":"ironcalc"}}]],"extent":{"rows":1,"cols":1}}	{"kind":"value","grid":[[{"primitive":{"kind":"string","value":"0.7071067811865476+0.7071067811865475i"},"engine":{"platform":"formulas"}}]],"extent":{"rows":1,"cols":1}}
IMSQRT/imsqrt-of-real	=IMSQRT("4")	{"kind":"value","grid":[[{"primitive":{"kind":"error","sentinel":"#NAME?"},"engine":{"platform":"pycel"}}]],"extent":{"rows":1,"cols":1}}	{"kind":"value","grid":[[{"primitive":{"kind":"string","value":"2"},"engine":{"platform":"hyperformula"}}]],"extent":{"rows":1,"cols":1}}	{"kind":"value","grid":[[{"primitive":{"kind":"string","value":"2"},"engine":{"platform":"ironcalc"}}]],"extent":{"rows":1,"cols":1}}	{"kind":"value","grid":[[{"primitive":{"kind":"string","value":"2"},"engine":{"platform":"formulas"}}]],"extent":{"rows":1,"cols":1}}
ISEVEN/iseven-even	=ISEVEN(4)	{"kind":"value","grid":[[{"primitive":{"kind":"boolean","value":true},"engine":{"platform":"pycel"}}]],"extent":{"rows":1,"cols":1}}	{"kind":"value","grid":[[{"primitive":{"kind":"boolean","value":true},"engine":{"platform":"hyperformula"}}]],"extent":{"rows":1,"cols":1}}	{"kind":"value","grid":[[{"primitive":{"kind":"boolean","value":true},"engine":{"platform":"ironcalc"}}]],"extent":{"rows":1,"cols":1}}	{"kind":"value","grid":[[{"primitive":{"kind":"boolean","value":true},"engine":{"platform":"formulas"}}]],"extent":{"rows":1,"cols":1}}
ISEVEN/iseven-negative-even	=ISEVEN(-2)	{"kind":"value","grid":[[{"primitive":{"kind":"error","sentinel":"#NAME?"},"engine":{"platform":"pycel"}}]],"extent":{"rows":1,"cols":1}}	{"kind":"value","grid":[[{"primitive":{"kind":"boolean","value":true},"engine":{"platform":"hyperformula"}}]],"extent":{"rows":1,"cols":1}}	{"kind":"value","grid":[[{"primitive":{"kind":"boolean","value":true},"engine":{"platform":"ironcalc"}}]],"extent":{"rows":1,"cols":1}}	{"kind":"value","grid":[[{"primitive":{"kind":"boolean","value":true},"engine":{"platform":"formulas"}}]],"extent":{"rows":1,"cols":1}}
ISEVEN/iseven-odd	=ISEVEN(3)	{"kind":"value","grid":[[{"primitive":{"kind":"boolean","value":false},"engine":{"platform":"pycel"}}]],"extent":{"rows":1,"cols":1}}	{"kind":"value","grid":[[{"primitive":{"kind":"boolean","value":false},"engine":{"platform":"hyperformula"}}]],"extent":{"rows":1,"cols":1}}	{"kind":"value","grid":[[{"primitive":{"kind":"boolean","value":false},"engine":{"platform":"ironcalc"}}]],"extent":{"rows":1,"cols":1}}	{"kind":"value","grid":[[{"primitive":{"kind":"boolean","value":false},"engine":{"platform":"formulas"}}]],"extent":{"rows":1,"cols":1}}
ISEVEN/iseven-zero	=ISEVEN(0)	{"kind":"value","grid":[[{"primitive":{"kind":"boolean","value":true},"engine":{"platform":"pycel"}}]],"extent":{"rows":1,"cols":1}}	{"kind":"value","grid":[[{"primitive":{"kind":"boolean","value":true},"engine":{"platform":"hyperformula"}}]],"extent":{"rows":1,"cols":1}}	{"kind":"value","grid":[[{"primitive":{"kind":"boolean","value":true},"engine":{"platform":"ironcalc"}}]],"extent":{"rows":1,"cols":1}}	{"kind":"value","grid":[[{"primitive":{"kind":"boolean","value":true},"engine":{"platform":"formulas"}}]],"extent":{"rows":1,"cols":1}}
ISODD/isodd-even	=ISODD(4)	{"kind":"value","grid":[[{"primitive":{"kind":"boolean","value":false},"engine":{"platform":"pycel"}}]],"extent":{"rows":1,"cols":1}}	{"kind":"value","grid":[[{"primitive":{"kind":"boolean","value":false},"engine":{"platform":"hyperformula"}}]],"extent":{"rows":1,"cols":1}}	{"kind":"value","grid":[[{"primitive":{"kind":"boolean","value":false},"engine":{"platform":"ironcalc"}}]],"extent":{"rows":1,"cols":1}}	{"kind":"value","grid":[[{"primitive":{"kind":"boolean","value":false},"engine":{"platform":"formulas"}}]],"extent":{"rows":1,"cols":1}}
ISODD/isodd-odd	=ISODD(3)	{"kind":"value","grid":[[{"primitive":{"kind":"boolean","value":true},"engine":{"platform":"pycel"}}]],"extent":{"rows":1,"cols":1}}	{"kind":"value","grid":[[{"primitive":{"kind":"boolean","value":true},"engine":{"platform":"hyperformula"}}]],"extent":{"rows":1,"cols":1}}	{"kind":"value","grid":[[{"primitive":{"kind":"boolean","value":true},"engine":{"platform":"ironcalc"}}]],"extent":{"rows":1,"cols":1}}	{"kind":"value","grid":[[{"primitive":{"kind":"boolean","value":true},"engine":{"platform":"formulas"}}]],"extent":{"rows":1,"cols":1}}
ISODD/isodd-zero	=ISODD(0)	{"kind":"value","grid":[[{"primitive":{"kind":"boolean","value":false},"engine":{"platform":"pycel"}}]],"extent":{"rows":1,"cols":1}}	{"kind":"value","grid":[[{"primitive":{"kind":"boolean","value":false},"engine":{"platform":"hyperformula"}}]],"extent":{"rows":1,"cols":1}}	{"kind":"value","grid":[[{"primitive":{"kind":"boolean","value":false},"engine":{"platform":"ironcalc"}}]],"extent":{"rows":1,"cols":1}}	{"kind":"value","grid":[[{"primitive":{"kind":"boolean","value":false},"engine":{"platform":"formulas"}}]],"extent":{"rows":1,"cols":1}}
LCM/lcm-basic	=LCM(4, 6)	{"kind":"value","grid":[[{"primitive":{"kind":"number","value":12},"engine":{"platform":"pycel"}}]],"extent":{"rows":1,"cols":1}}	{"kind":"value","grid":[[{"primitive":{"kind":"number","value":12},"engine":{"platform":"hyperformula"}}]],"extent":{"rows":1,"cols":1}}	{"kind":"value","grid":[[{"primitive":{"kind":"number","value":12},"engine":{"platform":"ironcalc"}}]],"extent":{"rows":1,"cols":1}}	{"kind":"value","grid":[[{"primitive":{"kind":"number","value":12},"engine":{"platform":"formulas"}}]],"extent":{"rows":1,"cols":1}}
LCM/lcm-coprime	=LCM(3, 5)	{"kind":"value","grid":[[{"primitive":{"kind":"number","value":15},"engine":{"platform":"pycel"}}]],"extent":{"rows":1,"cols":1}}	{"kind":"value","grid":[[{"primitive":{"kind":"number","value":15},"engine":{"platform":"hyperformula"}}]],"extent":{"rows":1,"cols":1}}	{"kind":"value","grid":[[{"primitive":{"kind":"number","value":15},"engine":{"platform":"ironcalc"}}]],"extent":{"rows":1,"cols":1}}	{"kind":"value","grid":[[{"primitive":{"kind":"number","value":15},"engine":{"platform":"formulas"}}]],"extent":{"rows":1,"cols":1}}
LCM/lcm-multiple-args	=LCM(2, 3, 4)	{"kind":"value","grid":[[{"primitive":{"kind":"number","value":12},"engine":{"platform":"pycel"}}]],"extent":{"rows":1,"cols":1}}	{"kind":"value","grid":[[{"primitive":{"kind":"number","value":12},"engine":{"platform":"hyperformula"}}]],"extent":{"rows":1,"cols":1}}	{"kind":"value","grid":[[{"primitive":{"kind":"number","value":12},"engine":{"platform":"ironcalc"}}]],"extent":{"rows":1,"cols":1}}	{"kind":"value","grid":[[{"primitive":{"kind":"number","value":12},"engine":{"platform":"formulas"}}]],"extent":{"rows":1,"cols":1}}
LCM/lcm-with-one	=LCM(1, 7)	{"kind":"value","grid":[[{"primitive":{"kind":"number","value":7},"engine":{"platform":"pycel"}}]],"extent":{"rows":1,"cols":1}}	{"kind":"value","grid":[[{"primitive":{"kind":"number","value":7},"engine":{"platform":"hyperformula"}}]],"extent":{"rows":1,"cols":1}}	{"kind":"value","grid":[[{"primitive":{"kind":"number","value":7},"engine":{"platform":"ironcalc"}}]],"extent":{"rows":1,"cols":1}}	{"kind":"value","grid":[[{"primitive":{"kind":"number","value":7},"engine":{"platform":"formulas"}}]],"extent":{"rows":1,"cols":1}}
MUNIT/munit-zero-error	=MUNIT(0)	{"kind":"value","grid":[[{"primitive":{"kind":"error","sentinel":"#NAME?"},"engine":{"platform":"pycel"}}]],"extent":{"rows":1,"cols":1}}	{"kind":"value","grid":[[{"primitive":{"kind":"error","sentinel":"#NAME?"},"engine":{"platform":"hyperformula"}}]],"extent":{"rows":1,"cols":1}}	{"kind":"value","grid":[[{"primitive":{"kind":"error","sentinel":"#NAME?"},"engine":{"platform":"ironcalc"}}]],"extent":{"rows":1,"cols":1}}	{"kind":"value","grid":[[{"primitive":{"kind":"error","sentinel":"#VALUE!"},"engine":{"platform":"formulas"}}]],"extent":{"rows":1,"cols":1}}
ODD/odd-negative	=ODD(-1.5)	{"kind":"value","grid":[[{"primitive":{"kind":"error","sentinel":"#NAME?"},"engine":{"platform":"pycel"}}]],"extent":{"rows":1,"cols":1}}	{"kind":"value","grid":[[{"primitive":{"kind":"number","value":-3},"engine":{"platform":"hyperformula"}}]],"extent":{"rows":1,"cols":1}}	{"kind":"value","grid":[[{"primitive":{"kind":"number","value":-3},"engine":{"platform":"ironcalc"}}]],"extent":{"rows":1,"cols":1}}	{"kind":"value","grid":[[{"primitive":{"kind":"number","value":-3},"engine":{"platform":"formulas"}}]],"extent":{"rows":1,"cols":1}}
ODD/odd-of-2	=ODD(2)	{"kind":"value","grid":[[{"primitive":{"kind":"number","value":3},"engine":{"platform":"pycel"}}]],"extent":{"rows":1,"cols":1}}	{"kind":"value","grid":[[{"primitive":{"kind":"number","value":3},"engine":{"platform":"hyperformula"}}]],"extent":{"rows":1,"cols":1}}	{"kind":"value","grid":[[{"primitive":{"kind":"number","value":3},"engine":{"platform":"ironcalc"}}]],"extent":{"rows":1,"cols":1}}	{"kind":"value","grid":[[{"primitive":{"kind":"number","value":3},"engine":{"platform":"formulas"}}]],"extent":{"rows":1,"cols":1}}
ODD/odd-positive-integer	=ODD(3)	{"kind":"value","grid":[[{"primitive":{"kind":"number","value":3},"engine":{"platform":"pycel"}}]],"extent":{"rows":1,"cols":1}}	{"kind":"value","grid":[[{"primitive":{"kind":"number","value":3},"engine":{"platform":"hyperformula"}}]],"extent":{"rows":1,"cols":1}}	{"kind":"value","grid":[[{"primitive":{"kind":"number","value":3},"engine":{"platform":"ironcalc"}}]],"extent":{"rows":1,"cols":1}}	{"kind":"value","grid":[[{"primitive":{"kind":"number","value":3},"engine":{"platform":"formulas"}}]],"extent":{"rows":1,"cols":1}}
ODD/odd-rounds-up	=ODD(1.5)	{"kind":"value","grid":[[{"primitive":{"kind":"number","value":3},"engine":{"platform":"pycel"}}]],"extent":{"rows":1,"cols":1}}	{"kind":"value","grid":[[{"primitive":{"kind":"number","value":3},"engine":{"platform":"hyperformula"}}]],"extent":{"rows":1,"cols":1}}	{"kind":"value","grid":[[{"primitive":{"kind":"number","value":3},"engine":{"platform":"ironcalc"}}]],"extent":{"rows":1,"cols":1}}	{"kind":"value","grid":[[{"primitive":{"kind":"number","value":3},"engine":{"platform":"formulas"}}]],"extent":{"rows":1,"cols":1}}
RADIANS/radians-of-0	=RADIANS(0)	{"kind":"value","grid":[[{"primitive":{"kind":"number","value":0},"engine":{"platform":"pycel"}}]],"extent":{"rows":1,"cols":1}}	{"kind":"value","grid":[[{"primitive":{"kind":"number","value":0},"engine":{"platform":"hyperformula"}}]],"extent":{"rows":1,"cols":1}}	{"kind":"value","grid":[[{"primitive":{"kind":"number","value":0},"engine":{"platform":"ironcalc"}}]],"extent":{"rows":1,"cols":1}}	{"kind":"value","grid":[[{"primitive":{"kind":"number","value":0},"engine":{"platform":"formulas"}}]],"extent":{"rows":1,"cols":1}}
RAND/rand-smoke	=RAND()	{"kind":"value","grid":[[{"primitive":{"kind":"error","sentinel":"#NAME?"},"engine":{"platform":"pycel"}}]],"extent":{"rows":1,"cols":1}}	{"kind":"value","grid":[[{"primitive":{"kind":"number","value":0.78551088635},"engine":{"platform":"hyperformula"}}]],"extent":{"rows":1,"cols":1}}	{"kind":"value","grid":[[{"primitive":{"kind":"number","value":0.215459519},"engine":{"platform":"ironcalc"}}]],"extent":{"rows":1,"cols":1}}	{"kind":"value","grid":[[{"primitive":{"kind":"number","value":0.526848033247084},"engine":{"platform":"formulas"}}]],"extent":{"rows":1,"cols":1}}
RANDBETWEEN/randbetween-smoke	=RANDBETWEEN(1, 10)	{"kind":"value","grid":[[{"primitive":{"kind":"error","sentinel":"#NAME?"},"engine":{"platform":"pycel"}}]],"extent":{"rows":1,"cols":1}}	{"kind":"value","grid":[[{"primitive":{"kind":"number","value":3},"engine":{"platform":"hyperformula"}}]],"extent":{"rows":1,"cols":1}}	{"kind":"value","grid":[[{"primitive":{"kind":"number","value":2},"engine":{"platform":"ironcalc"}}]],"extent":{"rows":1,"cols":1}}	{"kind":"value","grid":[[{"primitive":{"kind":"number","value":3.535053013864343},"engine":{"platform":"formulas"}}]],"extent":{"rows":1,"cols":1}}
SEC/sec-at-1-radian	=SEC(1)	{"kind":"value","grid":[[{"primitive":{"kind":"error","sentinel":"#NAME?"},"engine":{"platform":"pycel"}}]],"extent":{"rows":1,"cols":1}}	{"kind":"value","grid":[[{"primitive":{"kind":"number","value":1.8508157177},"engine":{"platform":"hyperformula"}}]],"extent":{"rows":1,"cols":1}}	{"kind":"value","grid":[[{"primitive":{"kind":"number","value":1.850815718},"engine":{"platform":"ironcalc"}}]],"extent":{"rows":1,"cols":1}}	{"kind":"value","grid":[[{"primitive":{"kind":"number","value":1.8508157176809255},"engine":{"platform":"formulas"}}]],"extent":{"rows":1,"cols":1}}
SECH/sech-at-1	=SECH(1)	{"kind":"value","grid":[[{"primitive":{"kind":"error","sentinel":"#NAME?"},"engine":{"platform":"pycel"}}]],"extent":{"rows":1,"cols":1}}	{"kind":"value","grid":[[{"primitive":{"kind":"number","value":0.64805427366},"engine":{"platform":"hyperformula"}}]],"extent":{"rows":1,"cols":1}}	{"kind":"value","grid":[[{"primitive":{"kind":"number","value":0.648054274},"engine":{"platform":"ironcalc"}}]],"extent":{"rows":1,"cols":1}}	{"kind":"value","grid":[[{"primitive":{"kind":"number","value":0.6480542736638855},"engine":{"platform":"formulas"}}]],"extent":{"rows":1,"cols":1}}
SECH/sech-negative	=SECH(-1)	{"kind":"value","grid":[[{"primitive":{"kind":"error","sentinel":"#NAME?"},"engine":{"platform":"pycel"}}]],"extent":{"rows":1,"cols":1}}	{"kind":"value","grid":[[{"primitive":{"kind":"number","value":0.64805427366},"engine":{"platform":"hyperformula"}}]],"extent":{"rows":1,"cols":1}}	{"kind":"value","grid":[[{"primitive":{"kind":"number","value":0.648054274},"engine":{"platform":"ironcalc"}}]],"extent":{"rows":1,"cols":1}}	{"kind":"value","grid":[[{"primitive":{"kind":"number","value":0.6480542736638855},"engine":{"platform":"formulas"}}]],"extent":{"rows":1,"cols":1}}
SIN/sin-at-0	=SIN(0)	{"kind":"value","grid":[[{"primitive":{"kind":"number","value":0},"engine":{"platform":"pycel"}}]],"extent":{"rows":1,"cols":1}}	{"kind":"value","grid":[[{"primitive":{"kind":"number","value":0},"engine":{"platform":"hyperformula"}}]],"extent":{"rows":1,"cols":1}}	{"kind":"value","grid":[[{"primitive":{"kind":"number","value":0},"engine":{"platform":"ironcalc"}}]],"extent":{"rows":1,"cols":1}}	{"kind":"value","grid":[[{"primitive":{"kind":"number","value":0},"engine":{"platform":"formulas"}}]],"extent":{"rows":1,"cols":1}}
SIN/sin-at-1-radian	=SIN(1)	{"kind":"value","grid":[[{"primitive":{"kind":"number","value":0.8414709848078965},"engine":{"platform":"pycel"}}]],"extent":{"rows":1,"cols":1}}	{"kind":"value","grid":[[{"primitive":{"kind":"number","value":0.84147098481},"engine":{"platform":"hyperformula"}}]],"extent":{"rows":1,"cols":1}}	{"kind":"value","grid":[[{"primitive":{"kind":"number","value":0.841470985},"engine":{"platform":"ironcalc"}}]],"extent":{"rows":1,"cols":1}}	{"kind":"value","grid":[[{"primitive":{"kind":"number","value":0.8414709848078965},"engine":{"platform":"formulas"}}]],"extent":{"rows":1,"cols":1}}
SIN/sin-at-pi	=SIN(PI())	{"kind":"value","grid":[[{"primitive":{"kind":"number","value":1.2246467991473532e-16},"engine":{"platform":"pycel"}}]],"extent":{"rows":1,"cols":1}}	{"kind":"value","grid":[[{"primitive":{"kind":"number","value":3.2310891488999997e-15},"engine":{"platform":"hyperformula"}}]],"extent":{"rows":1,"cols":1}}	{"kind":"value","grid":[[{"primitive":{"kind":"number","value":1.22465e-16},"engine":{"platform":"ironcalc"}}]],"extent":{"rows":1,"cols":1}}	{"kind":"value","grid":[[{"primitive":{"kind":"number","value":1.2246467991473532e-16},"engine":{"platform":"formulas"}}]],"extent":{"rows":1,"cols":1}}
SIN/sin-at-pi-2	=SIN(PI()/2)	{"kind":"value","grid":[[{"primitive":{"kind":"error","sentinel":"#NAME?"},"engine":{"platform":"pycel"}}]],"extent":{"rows":1,"cols":1}}	{"kind":"value","grid":[[{"primitive":{"kind":"number","value":1},"engine":{"platform":"hyperformula"}}]],"extent":{"rows":1,"cols":1}}	{"kind":"value","grid":[[{"primitive":{"kind":"number","value":1},"engine":{"platform":"ironcalc"}}]],"extent":{"rows":1,"cols":1}}	{"kind":"value","grid":[[{"primitive":{"kind":"number","value":1},"engine":{"platform":"formulas"}}]],"extent":{"rows":1,"cols":1}}
SIN/sin-negative	=SIN(-PI()/2)	{"kind":"value","grid":[[{"primitive":{"kind":"error","sentinel":"#NAME?"},"engine":{"platform":"pycel"}}]],"extent":{"rows":1,"cols":1}}	{"kind":"value","grid":[[{"primitive":{"kind":"number","value":-1},"engine":{"platform":"hyperformula"}}]],"extent":{"rows":1,"cols":1}}	{"kind":"value","grid":[[{"primitive":{"kind":"number","value":-1},"engine":{"platform":"ironcalc"}}]],"extent":{"rows":1,"cols":1}}	{"kind":"value","grid":[[{"primitive":{"kind":"number","value":-1},"engine":{"platform":"formulas"}}]],"extent":{"rows":1,"cols":1}}
SINH/sinh-at-0	=SINH(0)	{"kind":"value","grid":[[{"primitive":{"kind":"number","value":0},"engine":{"platform":"pycel"}}]],"extent":{"rows":1,"cols":1}}	{"kind":"value","grid":[[{"primitive":{"kind":"number","value":0},"engine":{"platform":"hyperformula"}}]],"extent":{"rows":1,"cols":1}}	{"kind":"value","grid":[[{"primitive":{"kind":"number","value":0},"engine":{"platform":"ironcalc"}}]],"extent":{"rows":1,"cols":1}}	{"kind":"value","grid":[[{"primitive":{"kind":"number","value":0},"engine":{"platform":"formulas"}}]],"extent":{"rows":1,"cols":1}}
SINH/sinh-at-1	=SINH(1)	{"kind":"value","grid":[[{"primitive":{"kind":"number","value":1.1752011936438014},"engine":{"platform":"pycel"}}]],"extent":{"rows":1,"cols":1}}	{"kind":"value","grid":[[{"primitive":{"kind":"number","value":1.1752011936},"engine":{"platform":"hyperformula"}}]],"extent":{"rows":1,"cols":1}}	{"kind":"value","grid":[[{"primitive":{"kind":"number","value":1.175201194},"engine":{"platform":"ironcalc"}}]],"extent":{"rows":1,"cols":1}}	{"kind":"value","grid":[[{"primitive":{"kind":"number","value":1.1752011936438014},"engine":{"platform":"formulas"}}]],"extent":{"rows":1,"cols":1}}
SINH/sinh-negative	=SINH(-1)	{"kind":"value","grid":[[{"primitive":{"kind":"error","sentinel":"#NAME?"},"engine":{"platform":"pycel"}}]],"extent":{"rows":1,"cols":1}}	{"kind":"value","grid":[[{"primitive":{"kind":"number","value":-1.1752011936},"engine":{"platform":"hyperformula"}}]],"extent":{"rows":1,"cols":1}}	{"kind":"value","grid":[[{"primitive":{"kind":"number","value":-1.175201194},"engine":{"platform":"ironcalc"}}]],"extent":{"rows":1,"cols":1}}	{"kind":"value","grid":[[{"primitive":{"kind":"number","value":-1.1752011936438014},"engine":{"platform":"formulas"}}]],"extent":{"rows":1,"cols":1}}
SQRTPI/sqrtpi-of-1	=SQRTPI(1)	{"kind":"value","grid":[[{"primitive":{"kind":"error","sentinel":"#NAME?"},"engine":{"platform":"pycel"}}]],"extent":{"rows":1,"cols":1}}	{"kind":"value","grid":[[{"primitive":{"kind":"number","value":1.7724538509},"engine":{"platform":"hyperformula"}}]],"extent":{"rows":1,"cols":1}}	{"kind":"value","grid":[[{"primitive":{"kind":"number","value":1.772453851},"engine":{"platform":"ironcalc"}}]],"extent":{"rows":1,"cols":1}}	{"kind":"value","grid":[[{"primitive":{"kind":"number","value":1.7724538509055159},"engine":{"platform":"formulas"}}]],"extent":{"rows":1,"cols":1}}
SQRTPI/sqrtpi-of-2	=SQRTPI(2)	{"kind":"value","grid":[[{"primitive":{"kind":"error","sentinel":"#NAME?"},"engine":{"platform":"pycel"}}]],"extent":{"rows":1,"cols":1}}	{"kind":"value","grid":[[{"primitive":{"kind":"number","value":2.5066282746},"engine":{"platform":"hyperformula"}}]],"extent":{"rows":1,"cols":1}}	{"kind":"value","grid":[[{"primitive":{"kind":"number","value":2.506628275},"engine":{"platform":"ironcalc"}}]],"extent":{"rows":1,"cols":1}}	{"kind":"value","grid":[[{"primitive":{"kind":"number","value":2.5066282746310002},"engine":{"platform":"formulas"}}]],"extent":{"rows":1,"cols":1}}
TAN/tan-at-0	=TAN(0)	{"kind":"value","grid":[[{"primitive":{"kind":"number","value":0},"engine":{"platform":"pycel"}}]],"extent":{"rows":1,"cols":1}}	{"kind":"value","grid":[[{"primitive":{"kind":"number","value":0},"engine":{"platform":"hyperformula"}}]],"extent":{"rows":1,"cols":1}}	{"kind":"value","grid":[[{"primitive":{"kind":"number","value":0},"engine":{"platform":"ironcalc"}}]],"extent":{"rows":1,"cols":1}}	{"kind":"value","grid":[[{"primitive":{"kind":"number","value":0},"engine":{"platform":"formulas"}}]],"extent":{"rows":1,"cols":1}}
TAN/tan-at-1-radian	=TAN(1)	{"kind":"value","grid":[[{"primitive":{"kind":"number","value":1.557407724654902},"engine":{"platform":"pycel"}}]],"extent":{"rows":1,"cols":1}}	{"kind":"value","grid":[[{"primitive":{"kind":"number","value":1.5574077247},"engine":{"platform":"hyperformula"}}]],"extent":{"rows":1,"cols":1}}	{"kind":"value","grid":[[{"primitive":{"kind":"number","value":1.557407725},"engine":{"platform":"ironcalc"}}]],"extent":{"rows":1,"cols":1}}	{"kind":"value","grid":[[{"primitive":{"kind":"number","value":1.557407724654902},"engine":{"platform":"formulas"}}]],"extent":{"rows":1,"cols":1}}
TAN/tan-at-pi	=TAN(PI())	{"kind":"value","grid":[[{"primitive":{"kind":"number","value":-1.2246467991473532e-16},"engine":{"platform":"pycel"}}]],"extent":{"rows":1,"cols":1}}	{"kind":"value","grid":[[{"primitive":{"kind":"number","value":-3.2310891488999997e-15},"engine":{"platform":"hyperformula"}}]],"extent":{"rows":1,"cols":1}}	{"kind":"value","grid":[[{"primitive":{"kind":"number","value":-1.22465e-16},"engine":{"platform":"ironcalc"}}]],"extent":{"rows":1,"cols":1}}	{"kind":"value","grid":[[{"primitive":{"kind":"number","value":-1.2246467991473532e-16},"engine":{"platform":"formulas"}}]],"extent":{"rows":1,"cols":1}}
TAN/tan-negative	=TAN(-1)	{"kind":"value","grid":[[{"primitive":{"kind":"error","sentinel":"#NAME?"},"engine":{"platform":"pycel"}}]],"extent":{"rows":1,"cols":1}}	{"kind":"value","grid":[[{"primitive":{"kind":"number","value":-1.5574077247},"engine":{"platform":"hyperformula"}}]],"extent":{"rows":1,"cols":1}}	{"kind":"value","grid":[[{"primitive":{"kind":"number","value":-1.557407725},"engine":{"platform":"ironcalc"}}]],"extent":{"rows":1,"cols":1}}	{"kind":"value","grid":[[{"primitive":{"kind":"number","value":-1.557407724654902},"engine":{"platform":"formulas"}}]],"extent":{"rows":1,"cols":1}}
TANH/tanh-at-0	=TANH(0)	{"kind":"value","grid":[[{"primitive":{"kind":"number","value":0},"engine":{"platform":"pycel"}}]],"extent":{"rows":1,"cols":1}}	{"kind":"value","grid":[[{"primitive":{"kind":"number","value":0},"engine":{"platform":"hyperformula"}}]],"extent":{"rows":1,"cols":1}}	{"kind":"value","grid":[[{"primitive":{"kind":"number","value":0},"engine":{"platform":"ironcalc"}}]],"extent":{"rows":1,"cols":1}}	{"kind":"value","grid":[[{"primitive":{"kind":"number","value":0},"engine":{"platform":"formulas"}}]],"extent":{"rows":1,"cols":1}}
TANH/tanh-at-1	=TANH(1)	{"kind":"value","grid":[[{"primitive":{"kind":"number","value":0.7615941559557649},"engine":{"platform":"pycel"}}]],"extent":{"rows":1,"cols":1}}	{"kind":"value","grid":[[{"primitive":{"kind":"number","value":0.76159415596},"engine":{"platform":"hyperformula"}}]],"extent":{"rows":1,"cols":1}}	{"kind":"value","grid":[[{"primitive":{"kind":"number","value":0.761594156},"engine":{"platform":"ironcalc"}}]],"extent":{"rows":1,"cols":1}}	{"kind":"value","grid":[[{"primitive":{"kind":"number","value":0.7615941559557649},"engine":{"platform":"formulas"}}]],"extent":{"rows":1,"cols":1}}
TANH/tanh-negative	=TANH(-1)	{"kind":"value","grid":[[{"primitive":{"kind":"error","sentinel":"#NAME?"},"engine":{"platform":"pycel"}}]],"extent":{"rows":1,"cols":1}}	{"kind":"value","grid":[[{"primitive":{"kind":"number","value":-0.76159415596},"engine":{"platform":"hyperformula"}}]],"extent":{"rows":1,"cols":1}}	{"kind":"value","grid":[[{"primitive":{"kind":"number","value":-0.761594156},"engine":{"platform":"ironcalc"}}]],"extent":{"rows":1,"cols":1}}	{"kind":"value","grid":[[{"primitive":{"kind":"number","value":-0.7615941559557649},"engine":{"platform":"formulas"}}]],"extent":{"rows":1,"cols":1}}